;Name;Year;Available.Pedigree
1;V0001;2001;V0317 X NA
2;V0002;1893;NA X V0417
3;V0003;1844;NA X NA
4;V0004;2013;NA X NA
5;V0005;1966;V0332 X NA
6;V0006;2017;V1193 X V0024
7;V0007;1951;NA X NA
8;V0008;2008;NA X NA
9;V0009;1967;NA X NA
10;V0010;1994;V1246 X V1163
11;V0011;1974;V1042 X NA
12;V0012;1995;NA X V1217
13;V0013;2012;V0537 X NA
14;V0014;2012;NA X V0709
15;V0015;1929;NA X NA
16;V0016;1976;V0923 X NA
17;V0017;2008;NA X NA
18;V0018;2017;NA X V1236
19;V0019;2009;NA X NA
20;V0020;2013;V1148 X NA
21;V0021;2018;NA X NA
22;V0022;1928;NA X NA
23;V0023;1951;V0974 X V1138
24;V0024;2000;V0455 X V1085
25;V0025;2009;NA X NA
26;V0026;1967;V0737 X NA
27;V0027;1750;NA X NA
28;V0028;2004;NA X NA
29;V0029;2002;V0710 X V0800
30;V0030;1900;NA X NA
31;V0031;2010;NA X NA
32;V0032;1929;V0719 X V0387
33;V0033;1996;V0429 X V1033
34;V0034;1800;NA X NA
35;V0035;2006;V0619 X NA
36;V0036;1978;NA X NA
37;V0037;2006;V1217 X NA
38;V0038;2010;NA X V1247
39;V0039;1931;V0956 X V0417
40;V0040;1938;V1248 X NA
41;V0041;1935;V0058 X NA
42;V0042;1968;NA X NA
43;V0043;1945;NA X NA
44;V0044;1999;V1060 X V0868
45;V0045;2020;NA X V1190
46;V0046;2004;V0185 X V1033
47;V0047;1947;NA X V0694
48;V0048;2009;V0184 X V0717
49;V0049;1957;NA X V0353
50;V0050;2004;NA X V0317
51;V0051;1930;NA X V1058
52;V0052;2009;NA X V0072
53;V0053;1979;NA X V0202
54;V0054;2001;NA X NA
55;V0055;1993;V1220 X V0005
56;V0056;1893;V1245 X NA
57;V0057;2014;V1015 X V0374
58;V0058;1908;NA X NA
59;V0059;2009;NA X NA
60;V0060;1974;V0202 X V0560
61;V0061;2016;NA X NA
62;V0062;2004;NA X NA
63;V0063;1980;V0785 X NA
64;V0064;1973;NA X NA
65;V0065;2014;V0986 X NA
66;V0066;1984;V0336 X NA
67;V0067;1884;NA X NA
68;V0068;2004;V0356 X NA
69;V0069;2009;V1163 X V0053
70;V0070;1750;NA X NA
71;V0071;1850;NA X NA
72;V0072;1992;V1144 X V0875
73;V0073;2004;NA X V0209
74;V0074;2003;V0697 X NA
75;V0075;2012;V0983 X NA
76;V0076;1960;NA X V0938
77;V0077;2011;V1104 X V0871
78;V0078;1984;V1163 X NA
79;V0079;2010;NA X V0619
80;V0080;2014;NA X V0460
81;V0081;2011;V0305 X V1015
82;V0082;1980;V0329 X NA
83;V0083;2012;V0815 X V1015
84;V0084;1979;V0897 X V0856
85;V0085;1994;NA X NA
86;V0086;2010;NA X V0312
87;V0087;1955;V0842 X NA
88;V0088;1981;V0586 X V0336
89;V0089;2006;NA X V0209
90;V0090;1983;NA X V0005
91;V0091;1943;NA X V0881
92;V0092;2013;V0859 X NA
93;V0093;1750;NA X NA
94;V0094;1989;NA X V0875
95;V0095;2003;V1163 X NA
96;V0096;1953;V1253 X NA
97;V0097;2002;NA X NA
98;V0098;2011;V0871 X V0882
99;V0099;1946;V0737 X NA
100;V0100;1987;V1067 X NA
101;V0101;2001;V0752 X NA
102;V0102;2014;NA X NA
103;V0103;1965;V0002 X V0353
104;V0104;1935;V0272 X NA
105;V0105;1985;NA X V0394
106;V0106;2012;V0725 X V0882
107;V0107;1964;NA X V0471
108;V0108;2011;V0796 X NA
109;V0109;1865;NA X NA
110;V0110;1987;NA X V0005
111;V0111;2012;NA X NA
112;V0112;1983;NA X V1195
113;V0113;1999;NA X NA
114;V0114;1899;NA X NA
115;V0115;1982;NA X NA
116;V0116;1876;V1245 X NA
117;V0117;2007;V1163 X NA
118;V0118;1879;NA X NA
119;V0119;2012;NA X V1056
120;V0120;2018;NA X NA
121;V0121;2021;V0281 X NA
122;V0122;1996;NA X V0843
123;V0123;1982;V0940 X V1178
124;V0124;2006;V1163 X V0160
125;V0125;2001;NA X NA
126;V0126;2014;V0679 X NA
127;V0127;2010;NA X V0382
128;V0128;1990;V0897 X NA
129;V0129;1990;V0256 X V0276
130;V0130;1888;NA X NA
131;V0131;1968;V0484 X V0692
132;V0132;2009;V0305 X V0731
133;V0133;1991;NA X NA
134;V0134;2007;V1159 X V1230
135;V0135;1998;NA X V1027
136;V0136;1967;V0471 X V0441
137;V0137;1980;V0586 X NA
138;V0138;1999;V0084 X V0746
139;V0139;2019;V0358 X V0614
140;V0140;2011;V0983 X V0072
141;V0141;1700;NA X NA
142;V0142;1967;NA X NA
143;V0143;1981;V0270 X V0809
144;V0144;2004;V1191 X NA
145;V0145;2009;NA X V1144
146;V0146;2011;NA X NA
147;V0147;1907;NA X V0616
148;V0148;2018;V0317 X NA
149;V0149;1954;V0737 X NA
150;V0150;2008;V0779 X NA
151;V0151;1900;NA X NA
152;V0152;2014;NA X V0619
153;V0153;2000;V0317 X V0560
154;V0154;1982;NA X NA
155;V0155;1970;V0280 X V1208
156;V0156;1970;NA X V1107
157;V0157;1997;V1163 X NA
158;V0158;1972;NA X V0559
159;V0159;1982;NA X NA
160;V0160;1989;NA X NA
161;V0161;2009;V1015 X V0366
162;V0162;1999;V1132 X V1118
163;V0163;1955;NA X NA
164;V0164;1963;V0611 X NA
165;V0165;1984;V1191 X V0557
166;V0166;1982;NA X NA
167;V0167;1988;V0394 X NA
168;V0168;1989;NA X NA
169;V0169;2017;V0585 X NA
170;V0170;1947;NA X NA
171;V0171;1931;NA X NA
172;V0172;2014;NA X V0642
173;V0173;2006;V1015 X V0167
174;V0174;2011;V0110 X NA
175;V0175;1990;NA X V0317
176;V0176;1976;NA X NA
177;V0177;1964;V0797 X NA
178;V0178;2007;NA X V0619
179;V0179;2007;V0286 X NA
180;V0180;2002;NA X V0862
181;V0181;1989;NA X NA
182;V0182;2011;V0702 X NA
183;V0183;2020;V0785 X NA
184;V0184;1988;NA X V0332
185;V0185;1989;V0685 X NA
186;V0186;1962;NA X NA
187;V0187;1943;V0753 X NA
188;V0188;1985;V0428 X NA
189;V0189;1971;V0842 X NA
190;V0190;2015;V0662 X V0295
191;V0191;2009;NA X V0871
192;V0192;2011;NA X V0882
193;V0193;2011;NA X V1100
194;V0194;1787;NA X NA
195;V0195;2012;V0138 X NA
196;V0196;1881;V0109 X V0109
197;V0197;1999;NA X NA
198;V0198;1939;V0719 X NA
199;V0199;2009;V0455 X NA
200;V0200;1957;NA X NA
201;V0201;2014;V0256 X NA
202;V0202;1962;NA X NA
203;V0203;2012;V0138 X NA
204;V0204;1800;NA X NA
205;V0205;2007;V0317 X NA
206;V0206;2004;NA X NA
207;V0207;2010;NA X V1193
208;V0208;2001;V1198 X NA
209;V0209;1994;NA X NA
210;V0210;1994;V0848 X V0708
211;V0211;1937;NA X NA
212;V0212;2007;V0317 X NA
213;V0213;2021;V0945 X V0106
214;V0214;1976;NA X NA
215;V0215;1999;V0256 X V1144
216;V0216;1933;V0719 X V1001
217;V0217;1970;V0444 X V0668
218;V0218;1956;V0235 X NA
219;V0219;2012;NA X NA
220;V0220;2010;NA X NA
221;V0221;1902;NA X NA
222;V0222;2013;NA X V1085
223;V0223;1955;NA X V0896
224;V0224;1991;NA X V0959
225;V0225;1975;V0935 X V0797
226;V0226;2006;V1193 X NA
227;V0227;2004;NA X NA
228;V0228;1906;V1245 X NA
229;V0229;2010;NA X NA
230;V0230;1955;NA X NA
231;V0231;2016;V0317 X NA
232;V0232;1977;NA X NA
233;V0233;1984;V0879 X NA
234;V0234;1880;V1245 X NA
235;V0235;1922;NA X NA
236;V0236;2017;V0806 X V0619
237;V0237;2002;V0818 X NA
238;V0238;1998;V0598 X V0336
239;V0239;1991;V0324 X NA
240;V0240;1966;NA X NA
241;V0241;2010;NA X NA
242;V0242;1993;NA X NA
243;V0243;2001;NA X V1080
244;V0244;1966;V0049 X NA
245;V0245;1990;NA X NA
246;V0246;2009;NA X NA
247;V0247;2009;NA X V0465
248;V0248;2010;NA X NA
249;V0249;2014;NA X NA
250;V0250;2006;V0317 X V0465
251;V0251;2002;NA X V0862
252;V0252;2001;V0176 X V0005
253;V0253;1926;NA X V1262
254;V0254;2016;V0714 X NA
255;V0255;2006;V0882 X NA
256;V0256;1968;V0328 X NA
257;V0257;2007;V0871 X NA
258;V0258;1983;V0560 X V0586
259;V0259;1901;NA X NA
260;V0260;1920;NA X NA
261;V0261;1950;V0039 X NA
262;V0262;1984;V0011 X NA
263;V0263;1750;NA X NA
264;V0264;1983;NA X NA
265;V0265;2017;NA X NA
266;V0266;2005;NA X NA
267;V0267;1996;V0317 X NA
268;V0268;2007;NA X NA
269;V0269;2008;V0585 X V0882
270;V0270;1970;V0797 X V0047
271;V0271;1926;V0058 X NA
272;V0272;1870;NA X NA
273;V0273;1989;V0611 X V0053
274;V0274;1992;V1067 X NA
275;V0275;1987;V0428 X NA
276;V0276;1967;V1222 X NA
277;V0277;1993;V0232 X NA
278;V0278;2019;NA X NA
279;V0279;1930;NA X NA
280;V0280;1959;NA X NA
281;V0281;2007;NA X NA
282;V0282;2019;NA X NA
283;V0283;1989;V0336 X V0005
284;V0284;1895;NA X NA
285;V0285;2008;V1193 X NA
286;V0286;1988;V1003 X V0005
287;V0287;1956;V0339 X V1138
288;V0288;1880;NA X NA
289;V0289;1969;NA X NA
290;V0290;2007;V0833 X NA
291;V0291;2010;V0395 X NA
292;V0292;1982;NA X NA
293;V0293;2010;V0796 X V1033
294;V0294;2004;NA X NA
295;V0295;2008;NA X V0662
296;V0296;1985;V1217 X V0176
297;V0297;1990;V0797 X NA
298;V0298;1921;NA X NA
299;V0299;1990;V0875 X NA
300;V0300;2011;NA X V0167
301;V0301;2014;NA X NA
302;V0302;1969;NA X NA
303;V0303;2000;V0317 X NA
304;V0304;1875;NA X NA
305;V0305;1993;V1163 X NA
306;V0306;2016;NA X NA
307;V0307;1959;V0737 X NA
308;V0308;2010;NA X V1247
309;V0309;2010;NA X NA
310;V0310;2011;V0796 X V1247
311;V0311;1996;NA X V0593
312;V0312;1994;V1274 X V1184
313;V0313;2016;NA X V1012
314;V0314;1915;NA X NA
315;V0315;2009;V0072 X V0983
316;V0316;2019;V0303 X NA
317;V0317;1985;V0053 X NA
318;V0318;1972;V0464 X NA
319;V0319;1977;NA X V0747
320;V0320;2015;NA X NA
321;V0321;1947;V0737 X NA
322;V0322;1968;NA X NA
323;V0323;2018;V0857 X NA
324;V0324;1973;NA X NA
325;V0325;1997;V1163 X V0560
326;V0326;2005;V0464 X NA
327;V0327;1988;NA X NA
328;V0328;1954;V0462 X NA
329;V0329;1965;NA X NA
330;V0330;1910;NA X NA
331;V0331;1934;NA X V1058
332;V0332;1962;NA X V0781
333;V0333;1978;NA X NA
334;V0334;1989;V1220 X V0336
335;V0335;1975;NA X V0930
336;V0336;1969;V0047 X V0797
337;V0337;2002;NA X NA
338;V0338;1999;V0292 X NA
339;V0339;1931;NA X NA
340;V0340;2011;V1193 X NA
341;V0341;1992;V1191 X NA
342;V0342;2015;NA X V1015
343;V0343;1990;V0137 X V0809
344;V0344;1960;NA X NA
345;V0345;2009;V1104 X NA
346;V0346;1994;V0710 X NA
347;V0347;1993;NA X V0752
348;V0348;1897;NA X V0495
349;V0349;1983;NA X NA
350;V0350;1940;V0737 X NA
351;V0351;2002;V1242 X NA
352;V0352;1992;V0722 X V0809
353;V0353;1946;V0753 X NA
354;V0354;1945;V0514 X V0216
355;V0355;1993;V0731 X V1176
356;V0356;1980;NA X V0809
357;V0357;2016;NA X NA
358;V0358;2014;NA X NA
359;V0359;1962;NA X V0039
360;V0360;2001;NA X NA
361;V0361;1983;NA X V0557
362;V0362;2012;V1256 X NA
363;V0363;1899;NA X NA
364;V0364;1987;NA X NA
365;V0365;1968;V1221 X V0386
366;V0366;1995;V1085 X NA
367;V0367;2002;V0731 X V1217
368;V0368;1920;NA X NA
369;V0369;1985;NA X NA
370;V0370;1956;V1138 X V0039
371;V0371;2016;V0355 X NA
372;V0372;2006;V1279 X V1008
373;V0373;2021;NA X NA
374;V0374;2008;NA X NA
375;V0375;2013;V0204 X NA
376;V0376;2006;V0731 X V0305
377;V0377;1850;NA X NA
378;V0378;2010;V0024 X NA
379;V0379;2009;V0317 X NA
380;V0380;2008;V1277 X NA
381;V0381;2021;V0398 X V0804
382;V0382;1999;V0317 X NA
383;V0383;1972;V0611 X NA
384;V0384;1992;V0256 X V0959
385;V0385;2003;V0731 X V1023
386;V0386;1952;V0091 X NA
387;V0387;1922;V0881 X NA
388;V0388;2011;NA X V0961
389;V0389;2013;V0352 X NA
390;V0390;2000;V0983 X NA
391;V0391;1910;NA X NA
392;V0392;2010;NA X V0598
393;V0393;2005;NA X V1080
394;V0394;1972;V0202 X V1178
395;V0395;2000;V0672 X NA
396;V0396;2002;NA X V1184
397;V0397;2004;NA X V0209
398;V0398;2006;V0539 X NA
399;V0399;2013;V0983 X V0619
400;V0400;2020;V1109 X NA
401;V0401;1965;V0321 X V1171
402;V0402;2000;V1286 X V1208
403;V0403;2013;NA X V1173
404;V0404;1993;V1191 X NA
405;V0405;2007;NA X NA
406;V0406;1965;NA X NA
407;V0407;1962;NA X V0617
408;V0408;1990;V0105 X NA
409;V0409;2002;V0603 X NA
410;V0410;1976;V1132 X NA
411;V0411;1986;V1140 X NA
412;V0412;1890;NA X NA
413;V0413;1958;NA X NA
414;V0414;1999;NA X V0593
415;V0415;1945;V0896 X NA
416;V0416;2017;V1193 X NA
417;V0417;1840;NA X NA
418;V0418;2010;NA X V0433
419;V0419;1975;V0202 X NA
420;V0420;1974;NA X NA
421;V0421;1970;V0954 X NA
422;V0422;1976;V0797 X NA
423;V0423;1992;V0717 X V0214
424;V0424;1959;NA X NA
425;V0425;1984;NA X NA
426;V0426;1999;V0983 X NA
427;V0427;1988;V0256 X V1178
428;V0428;1970;V0328 X V0809
429;V0429;1976;V0047 X NA
430;V0430;1900;NA X NA
431;V0431;1942;NA X NA
432;V0432;1946;V0032 X V0994
433;V0433;1980;NA X NA
434;V0434;2016;NA X NA
435;V0435;2007;NA X NA
436;V0436;2008;NA X NA
437;V0437;2020;NA X NA
438;V0438;2000;NA X NA
439;V0439;1958;NA X V0985
440;V0440;1963;NA X NA
441;V0441;1867;NA X NA
442;V0442;1998;NA X NA
443;V0443;2020;NA X NA
444;V0444;1955;V0002 X V1138
445;V0445;1999;NA X V0296
446;V0446;1968;V0444 X V0862
447;V0447;1940;NA X V0719
448;V0448;1970;NA X NA
449;V0449;2018;NA X V0113
450;V0450;1995;V0317 X NA
451;V0451;2015;V0724 X NA
452;V0452;1995;NA X NA
453;V0453;2010;V0426 X NA
454;V0454;2007;V0524 X NA
455;V0455;1993;V0262 X NA
456;V0456;1950;NA X NA
457;V0457;2015;NA X NA
458;V0458;2014;V0460 X NA
459;V0459;1972;NA X V0386
460;V0460;2003;NA X V0481
461;V0461;2013;V1015 X NA
462;V0462;1885;NA X NA
463;V0463;2010;V0851 X NA
464;V0464;1966;NA X V0879
465;V0465;1986;V1277 X V0276
466;V0466;1967;NA X V0923
467;V0467;2006;V0256 X NA
468;V0468;1913;NA X V0514
469;V0469;2017;V0156 X V0871
470;V0470;1992;NA X V0540
471;V0471;1938;NA X NA
472;V0472;2015;NA X NA
473;V0473;1997;V0110 X V0317
474;V0474;1973;NA X NA
475;V0475;2009;V0317 X V0072
476;V0476;2009;NA X V0642
477;V0477;2014;V1015 X V0266
478;V0478;NA;NA X NA
479;V0479;1898;V1245 X NA
480;V0480;2019;V1219 X NA
481;V0481;1988;V0566 X NA
482;V0482;1965;NA X NA
483;V0483;2017;NA X V1119
484;V0484;1957;NA X V1010
485;V0485;1986;NA X V0752
486;V0486;1970;NA X NA
487;V0487;1993;V0232 X V1244
488;V0488;2006;V0240 X V0784
489;V0489;2008;NA X NA
490;V0490;1985;NA X NA
491;V0491;1974;V0228 X V0479
492;V0492;2012;NA X V0712
493;V0493;2002;NA X V0809
494;V0494;1976;V0611 X NA
495;V0495;1856;NA X NA
496;V0496;1937;V0575 X NA
497;V0497;1971;NA X NA
498;V0498;2013;NA X NA
499;V0499;1982;NA X NA
500;V0500;2003;V0317 X NA
501;V0501;1946;V0956 X NA
502;V0502;2009;V0185 X V0642
503;V0503;1895;NA X NA
504;V0504;1991;V1246 X V0856
505;V0505;1988;V1195 X NA
506;V0506;2005;V0603 X NA
507;V0507;1998;NA X NA
508;V0508;2020;NA X NA
509;V0509;2009;NA X NA
510;V0510;1980;V0613 X NA
511;V0511;1998;NA X NA
512;V0512;1975;NA X NA
513;V0513;1900;V0363 X NA
514;V0514;1908;NA X NA
515;V0515;2013;NA X V0460
516;V0516;1955;V0091 X V1138
517;V0517;2006;V0317 X V0481
518;V0518;1994;V0256 X NA
519;V0519;1962;V0880 X NA
520;V0520;2015;V0473 X NA
521;V0521;1990;NA X NA
522;V0522;1900;NA X NA
523;V0523;1979;NA X V0935
524;V0524;1983;NA X NA
525;V0525;2004;NA X V0619
526;V0526;1935;NA X V1240
527;V0527;2014;NA X NA
528;V0528;2013;V0352 X NA
529;V0529;2017;V0698 X NA
530;V0530;1790;NA X NA
531;V0531;1989;NA X NA
532;V0532;2012;NA X V0858
533;V0533;1846;NA X NA
534;V0534;1946;NA X V0931
535;V0535;2006;V0720 X NA
536;V0536;1908;NA X NA
537;V0537;2005;V1193 X NA
538;V0538;1981;V0256 X V0557
539;V0539;1991;V0540 X NA
540;V0540;1980;NA X NA
541;V0541;2013;V1015 X V0857
542;V0542;2010;V0882 X NA
543;V0543;2013;V1100 X NA
544;V0544;1999;V0983 X V1033
545;V0545;2005;NA X NA
546;V0546;2013;V0510 X V0594
547;V0547;2008;V1274 X V1255
548;V0548;2006;V1247 X NA
549;V0549;1894;NA X NA
550;V0550;2012;NA X V0642
551;V0551;1969;V0954 X V0809
552;V0552;1885;NA X NA
553;V0553;1973;V0562 X NA
554;V0554;2013;V1085 X NA
555;V0555;1939;V0814 X NA
556;V0556;2004;V0585 X V0064
557;V0557;1971;V0923 X NA
558;V0558;2011;NA X V0805
559;V0559;1947;NA X V1264
560;V0560;1957;NA X V0039
561;V0561;1882;NA X V1245
562;V0562;1948;NA X NA
563;V0563;2012;NA X NA
564;V0564;1950;V0931 X NA
565;V0565;1953;V0870 X NA
566;V0566;1961;NA X V1200
567;V0567;2004;V0749 X V0408
568;V0568;2002;NA X V0036
569;V0569;2017;NA X NA
570;V0570;1997;V1003 X NA
571;V0571;1997;V1027 X V0637
572;V0572;1957;V0032 X NA
573;V0573;1815;NA X NA
574;V0574;2005;V0697 X V1043
575;V0575;1925;NA X NA
576;V0576;1970;NA X NA
577;V0577;2001;V0317 X NA
578;V0578;1999;V0011 X V0334
579;V0579;2009;NA X V0882
580;V0580;1982;NA X NA
581;V0581;2013;NA X V0267
582;V0582;1963;NA X NA
583;V0583;1938;V1073 X V1058
584;V0584;2018;V0873 X V0992
585;V0585;1998;NA X NA
586;V0586;1970;V0904 X NA
587;V0587;2012;V0545 X NA
588;V0588;2000;NA X V0334
589;V0589;1750;NA X NA
590;V0590;2014;NA X NA
591;V0591;1971;NA X V0797
592;V0592;1981;V1042 X V0462
593;V0593;1924;V0002 X NA
594;V0594;2001;V0983 X V0072
595;V0595;1994;V1220 X NA
596;V0596;2013;V1193 X NA
597;V0597;1872;NA X NA
598;V0598;1988;V0464 X NA
599;V0599;2006;V1003 X V0922
600;V0600;1913;NA X V0514
601;V0601;1993;V0848 X NA
602;V0602;1985;V0747 X NA
603;V0603;1987;NA X V0752
604;V0604;1931;V1058 X V0624
605;V0605;2021;NA X NA
606;V0606;2003;NA X V1094
607;V0607;2001;V1163 X V1027
608;V0608;2015;NA X V0992
609;V0609;1997;V1027 X V0088
610;V0610;2001;V0809 X NA
611;V0611;1904;V1040 X V0417
612;V0612;1978;NA X V0959
613;V0613;1967;V0552 X NA
614;V0614;2009;NA X NA
615;V0615;2009;V0970 X V0395
616;V0616;1886;NA X NA
617;V0617;1947;NA X V0216
618;V0618;2008;V0355 X V0402
619;V0619;1990;V1027 X NA
620;V0620;1973;V0202 X V0560
621;V0621;1982;NA X NA
622;V0622;2019;V0970 X NA
623;V0623;1990;NA X NA
624;V0624;1894;V0495 X NA
625;V0625;2005;NA X NA
626;V0626;1879;NA X NA
627;V0627;2021;NA X NA
628;V0628;1972;V1191 X NA
629;V0629;2009;NA X NA
630;V0630;2008;NA X V1080
631;V0631;1999;V0983 X V0343
632;V0632;2009;V0317 X V0155
633;V0633;2012;V0724 X NA
634;V0634;2011;V0672 X NA
635;V0635;2010;V0317 X NA
636;V0636;1981;V0096 X V0752
637;V0637;1972;NA X NA
638;V0638;1985;V1222 X NA
639;V0639;1996;V0638 X V0708
640;V0640;1950;NA X NA
641;V0641;1937;NA X V0575
642;V0642;2002;NA X NA
643;V0643;2016;V0916 X V0295
644;V0644;1927;NA X V0468
645;V0645;1944;NA X NA
646;V0646;2010;NA X NA
647;V0647;2018;V0997 X V0161
648;V0648;2008;NA X NA
649;V0649;1999;NA X NA
650;V0650;2017;NA X NA
651;V0651;1946;NA X V0339
652;V0652;2017;NA X NA
653;V0653;2014;V0511 X V1079
654;V0654;1957;NA X NA
655;V0655;2014;NA X NA
656;V0656;1975;NA X V0809
657;V0657;1997;NA X NA
658;V0658;1985;V0620 X NA
659;V0659;2006;V1193 X NA
660;V0660;1958;V0991 X NA
661;V0661;1883;NA X NA
662;V0662;1996;V1217 X NA
663;V0663;1900;NA X NA
664;V0664;1985;V0566 X V0856
665;V0665;1933;V0737 X V1058
666;V0666;1989;V1220 X NA
667;V0667;1919;V0114 X NA
668;V0668;1949;NA X NA
669;V0669;2004;V0003 X V0597
670;V0670;1806;NA X NA
671;V0671;2009;NA X NA
672;V0672;1998;V0658 X NA
673;V0673;1931;NA X NA
674;V0674;2017;NA X NA
675;V0675;2012;NA X V1057
676;V0676;2003;V0165 X V1027
677;V0677;1872;NA X NA
678;V0678;2005;V0317 X NA
679;V0679;1998;NA X NA
680;V0680;2013;NA X NA
681;V0681;2019;V1163 X NA
682;V0682;2003;NA X NA
683;V0683;1929;V0807 X NA
684;V0684;2003;NA X V1080
685;V0685;1978;NA X V0959
686;V0686;2011;V0176 X V0005
687;V0687;1989;V0607 X NA
688;V0688;1920;NA X NA
689;V0689;2011;V1133 X V0402
690;V0690;2008;NA X NA
691;V0691;2011;V1003 X NA
692;V0692;1954;NA X NA
693;V0693;2010;V0833 X V0243
694;V0694;1931;NA X V0514
695;V0695;1995;NA X V1144
696;V0696;2016;V1038 X V0662
697;V0697;1991;V1198 X V0752
698;V0698;2007;V0749 X V0175
699;V0699;1991;V0258 X V1097
700;V0700;2008;NA X NA
701;V0701;2016;NA X NA
702;V0702;1949;V0814 X V0994
703;V0703;2017;NA X NA
704;V0704;2005;NA X NA
705;V0705;2004;NA X NA
706;V0706;1989;NA X NA
707;V0707;1998;NA X V0752
708;V0708;1983;NA X NA
709;V0709;2003;NA X NA
710;V0710;1981;V0202 X NA
711;V0711;1975;V1276 X NA
712;V0712;1994;NA X NA
713;V0713;1984;V0710 X V0005
714;V0714;1997;V0317 X NA
715;V0715;2010;V0066 X V0666
716;V0716;1911;NA X NA
717;V0717;1976;NA X NA
718;V0718;2004;V0983 X V0749
719;V0719;1916;NA X V0514
720;V0720;1968;NA X NA
721;V0721;1950;V1245 X V0514
722;V0722;1981;V0280 X V0752
723;V0723;2014;V0796 X V0135
724;V0724;1996;NA X NA
725;V0725;1995;V0090 X NA
726;V0726;1969;NA X NA
727;V0727;2015;NA X NA
728;V0728;1965;NA X NA
729;V0729;2008;V0084 X NA
730;V0730;2005;NA X NA
731;V0731;1981;V0560 X V0512
732;V0732;1981;NA X V0474
733;V0733;2004;V0245 X NA
734;V0734;1953;V0386 X NA
735;V0735;2006;V0317 X V0425
736;V0736;1946;NA X V0211
737;V0737;1891;V1245 X NA
738;V0738;1894;V0495 X NA
739;V0739;2008;V1159 X V0662
740;V0740;1750;NA X NA
741;V0741;2014;V1015 X V0266
742;V0742;1996;NA X NA
743;V0743;2006;V1027 X NA
744;V0744;1900;NA X NA
745;V0745;1978;V1132 X V1118
746;V0746;1975;V0566 X V0856
747;V0747;1967;V0047 X NA
748;V0748;1890;NA X NA
749;V0749;1990;V1042 X V0336
750;V0750;1997;V0292 X NA
751;V0751;2001;V1163 X V0922
752;V0752;1963;V1264 X V1058
753;V0753;1932;NA X V0700
754;V0754;1950;NA X NA
755;V0755;1978;V0324 X V0766
756;V0756;1987;NA X NA
757;V0757;1983;V0897 X V0856
758;V0758;1961;NA X NA
759;V0759;2012;NA X NA
760;V0760;1968;V0439 X V0503
761;V0761;1947;V0462 X V0039
762;V0762;2013;V0882 X V0072
763;V0763;1923;NA X NA
764;V0764;2016;NA X NA
765;V0765;1967;NA X NA
766;V0766;1968;NA X NA
767;V0767;1840;NA X NA
768;V0768;1998;V0317 X NA
769;V0769;2008;V0983 X NA
770;V0770;2013;NA X NA
771;V0771;2014;NA X NA
772;V0772;1946;NA X NA
773;V0773;2016;V0619 X V0983
774;V0774;1980;V0926 X NA
775;V0775;2012;NA X NA
776;V0776;1957;NA X V0994
777;V0777;1750;NA X NA
778;V0778;1987;V0809 X V1208
779;V0779;2000;V0317 X V1033
780;V0780;2011;NA X V1015
781;V0781;1949;NA X NA
782;V0782;1971;V1156 X NA
783;V0783;2002;NA X NA
784;V0784;1991;NA X NA
785;V0785;2006;NA X NA
786;V0786;1999;V0317 X NA
787;V0787;1965;NA X NA
788;V0788;2021;NA X NA
789;V0789;2014;V0138 X NA
790;V0790;1914;NA X NA
791;V0791;1930;V1262 X NA
792;V0792;1955;V0842 X NA
793;V0793;2010;V1015 X V0167
794;V0794;1997;V0276 X NA
795;V0795;2017;V0395 X NA
796;V0796;1999;NA X V0296
797;V0797;1946;NA X V1058
798;V0798;2020;NA X NA
799;V0799;1980;NA X NA
800;V0800;1981;NA X NA
801;V0801;2001;V0005 X NA
802;V0802;2009;NA X NA
803;V0803;2010;NA X NA
804;V0804;2015;NA X NA
805;V0805;1998;V1198 X NA
806;V0806;2009;V0352 X NA
807;V0807;1918;V0616 X NA
808;V0808;2013;V1247 X NA
809;V0809;1962;V0880 X NA
810;V0810;2002;NA X V0175
811;V0811;1750;NA X NA
812;V0812;2002;V1193 X NA
813;V0813;1920;NA X NA
814;V0814;1878;V0894 X V1245
815;V0815;2003;V0317 X V1144
816;V0816;2009;V0267 X V0410
817;V0817;2014;NA X V0858
818;V0818;1986;NA X NA
819;V0819;2003;NA X V0619
820;V0820;2008;V1193 X NA
821;V0821;2007;NA X NA
822;V0822;2013;V1198 X V0044
823;V0823;1974;NA X NA
824;V0824;2007;NA X V0909
825;V0825;1984;NA X V0276
826;V0826;1989;V1191 X V1125
827;V0827;1966;NA X V0211
828;V0828;1853;NA X NA
829;V0829;2007;V0010 X V1238
830;V0830;1951;NA X NA
831;V0831;2019;NA X NA
832;V0832;1981;NA X V0557
833;V0833;1996;V0317 X NA
834;V0834;2005;NA X V0317
835;V0835;2008;NA X NA
836;V0836;2015;NA X NA
837;V0837;NA;V1015 X V0382
838;V0838;NA;NA X NA
839;V0839;2003;NA X NA
840;V0840;1989;NA X NA
841;V0841;1997;V0470 X NA
842;V0842;1930;V1073 X NA
843;V0843;1965;NA X V0047
844;V0844;2003;V0072 X NA
845;V0845;1981;V0256 X V0747
846;V0846;1921;V0002 X NA
847;V0847;1976;NA X V0797
848;V0848;1977;V0329 X V0879
849;V0849;2017;V0267 X NA
850;V0850;1955;V0040 X V1138
851;V0851;1999;V1163 X V1085
852;V0852;1953;NA X NA
853;V0853;2009;V1213 X V0305
854;V0854;2011;V1080 X V0433
855;V0855;2004;V1163 X NA
856;V0856;1967;V0797 X NA
857;V0857;1999;V0983 X NA
858;V0858;2000;NA X NA
859;V0859;1994;NA X NA
860;V0860;2011;NA X NA
861;V0861;2008;NA X NA
862;V0862;1950;V0881 X V0479
863;V0863;2019;V1015 X V0857
864;V0864;1760;NA X NA
865;V0865;2019;NA X NA
866;V0866;1994;V0732 X NA
867;V0867;2008;V0818 X NA
868;V0868;1985;V1042 X V1178
869;V0869;2010;NA X V0072
870;V0870;1908;NA X NA
871;V0871;1997;V0317 X NA
872;V0872;2011;V0809 X NA
873;V0873;1997;V1191 X NA
874;V0874;1983;NA X NA
875;V0875;1972;V0843 X NA
876;V0876;1970;NA X NA
877;V0877;1998;NA X NA
878;V0878;2012;V0367 X NA
879;V0879;1963;V0797 X V1253
880;V0880;1951;V1253 X V0994
881;V0881;1900;NA X NA
882;V0882;1999;V0510 X NA
883;V0883;1934;V0616 X V1262
884;V0884;1994;NA X NA
885;V0885;2011;V0714 X NA
886;V0886;2010;NA X NA
887;V0887;2020;NA X NA
888;V0888;2008;NA X NA
889;V0889;2022;V0793 X V0619
890;V0890;1750;NA X NA
891;V0891;1940;NA X NA
892;V0892;2006;V0825 X NA
893;V0893;1991;NA X NA
894;V0894;1862;NA X NA
895;V0895;1966;NA X V0930
896;V0896;1932;NA X V1262
897;V0897;1960;V0611 X V0797
898;V0898;2007;V0625 X NA
899;V0899;1987;NA X NA
900;V0900;2016;NA X NA
901;V0901;1991;NA X NA
902;V0902;2018;NA X NA
903;V0903;2009;NA X NA
904;V0904;1961;V0047 X NA
905;V0905;1970;V0954 X NA
906;V0906;1996;V0969 X NA
907;V0907;2021;V0295 X NA
908;V0908;2003;NA X NA
909;V0909;1996;NA X NA
910;V0910;1990;V0105 X NA
911;V0911;1999;NA X NA
912;V0912;2015;NA X NA
913;V0913;2004;V1274 X V1255
914;V0914;2007;V0841 X V1015
915;V0915;1934;V0253 X V0147
916;V0916;2001;V1159 X NA
917;V0917;2004;NA X NA
918;V0918;2018;NA X V0252
919;V0919;2002;V0084 X NA
920;V0920;2005;NA X NA
921;V0921;1957;V0040 X NA
922;V0922;1988;V1220 X NA
923;V0923;1953;NA X V0354
924;V0924;2012;NA X NA
925;V0925;2005;NA X V1274
926;V0926;1969;NA X NA
927;V0927;2021;NA X NA
928;V0928;1988;V1277 X NA
929;V0929;2012;NA X NA
930;V0930;1949;NA X NA
931;V0931;1939;NA X NA
932;V0932;2012;V1015 X NA
933;V0933;2008;V1277 X V0244
934;V0934;1998;V0422 X NA
935;V0935;1966;V0797 X NA
936;V0936;2002;NA X NA
937;V0937;1990;NA X NA
938;V0938;1945;NA X NA
939;V0939;1950;V0514 X V0211
940;V0940;1972;NA X V0047
941;V0941;2017;NA X NA
942;V0942;2008;NA X V1080
943;V0943;1920;NA X NA
944;V0944;1927;V0479 X NA
945;V0945;2012;V0317 X NA
946;V0946;1857;NA X NA
947;V0947;2014;V0882 X NA
948;V0948;2010;V0909 X V0857
949;V0949;2008;NA X NA
950;V0950;2008;V0286 X V0168
951;V0951;1952;V0956 X V0514
952;V0952;1989;NA X V0752
953;V0953;2011;NA X V0367
954;V0954;1990;V1244 X NA
955;V0955;2008;NA X NA
956;V0956;1928;V0881 X V0514
957;V0957;1986;NA X NA
958;V0958;1983;NA X NA
959;V0959;1965;V0047 X V0994
960;V0960;2006;V0135 X NA
961;V0961;1993;NA X NA
962;V0962;2001;V0066 X V0619
963;V0963;1984;NA X NA
964;V0964;1924;NA X NA
965;V0965;2013;V0841 X V0266
966;V0966;2017;V0950 X NA
967;V0967;2005;NA X V0619
968;V0968;2000;V0317 X NA
969;V0969;1984;V1067 X NA
970;V0970;2003;NA X NA
971;V0971;2007;V0305 X NA
972;V0972;2019;V0395 X V0642
973;V0973;2004;V0238 X NA
974;V0974;1918;V1248 X NA
975;V0975;2013;NA X NA
976;V0976;1999;V0317 X NA
977;V0977;2011;NA X V0064
978;V0978;1936;V0002 X V1253
979;V0979;1998;V1003 X V0868
980;V0980;2012;NA X NA
981;V0981;2009;V0871 X V0072
982;V0982;2005;V0317 X NA
983;V0983;1987;V0256 X NA
984;V0984;2003;V1279 X NA
985;V0985;1936;V1001 X NA
986;V0986;2000;V0317 X NA
987;V0987;2012;V0062 X NA
988;V0988;1883;V0196 X NA
989;V0989;2007;NA X NA
990;V0990;2001;V0731 X NA
991;V0991;1939;NA X NA
992;V0992;1870;NA X NA
993;V0993;2005;NA X NA
994;V0994;1932;NA X NA
995;V0995;2016;V0518 X V0969
996;V0996;2014;NA X NA
997;V0997;2012;NA X V0024
998;V0998;2007;V0317 X V0064
999;V0999;2018;NA X NA
1000;V1000;2009;NA X NA
1001;V1001;1923;NA X V0881
1002;V1002;1990;NA X V0731
1003;V1003;1976;NA X NA
1004;V1004;1983;V0047 X V0292
1005;V1005;2013;V0518 X V0779
1006;V1006;2007;NA X V0209
1007;V1007;2009;V1239 X NA
1008;V1008;1999;V1163 X NA
1009;V1009;2011;NA X V0072
1010;V1010;1938;NA X V0994
1011;V1011;2018;V0950 X NA
1012;V1012;2007;V1184 X NA
1013;V1013;1998;V1148 X NA
1014;V1014;1990;NA X NA
1015;V1015;1998;NA X NA
1016;V1016;1993;NA X NA
1017;V1017;2010;NA X V0460
1018;V1018;2011;NA X V0642
1019;V1019;2018;V1082 X V0295
1020;V1020;1955;V0978 X NA
1021;V1021;2010;V0799 X NA
1022;V1022;1949;NA X V0479
1023;V1023;1850;NA X NA
1024;V1024;1961;NA X NA
1025;V1025;1951;NA X V0377
1026;V1026;1804;NA X NA
1027;V1027;1982;NA X NA
1028;V1028;1989;V1067 X NA
1029;V1029;1945;V0600 X NA
1030;V1030;2018;NA X NA
1031;V1031;1958;NA X V0039
1032;V1032;NA;NA X NA
1033;V1033;1985;NA X V0856
1034;V1034;1991;NA X NA
1035;V1035;1997;NA X NA
1036;V1036;2012;NA X V0961
1037;V1037;1967;V0280 X V1208
1038;V1038;1998;NA X NA
1039;V1039;1750;NA X NA
1040;V1040;1890;NA X NA
1041;V1041;1936;V1058 X V0964
1042;V1042;1961;V0047 X V1262
1043;V1043;1971;V0047 X NA
1044;V1044;1989;NA X NA
1045;V1045;1924;NA X V0417
1046;V1046;2005;V0305 X NA
1047;V1047;2003;V0181 X V0585
1048;V1048;2006;V1143 X V1015
1049;V1049;2015;NA X NA
1050;V1050;2020;NA X NA
1051;V1051;1946;NA X V0339
1052;V1052;1992;NA X V0214
1053;V1053;2007;NA X V0184
1054;V1054;1953;V0228 X NA
1055;V1055;2016;NA X NA
1056;V1056;1999;V0983 X V0343
1057;V1057;1971;NA X NA
1058;V1058;1928;V1262 X V0616
1059;V1059;1983;NA X NA
1060;V1060;1982;NA X NA
1061;V1061;2012;V1193 X NA
1062;V1062;2011;NA X V0882
1063;V1063;2014;NA X NA
1064;V1064;1908;NA X NA
1065;V1065;1992;V1274 X NA
1066;V1066;2018;V0970 X NA
1067;V1067;1977;V0720 X V0047
1068;V1068;1958;V0091 X NA
1069;V1069;2001;V0697 X NA
1070;V1070;1999;V0317 X V1277
1071;V1071;1936;NA X NA
1072;V1072;2007;NA X V1008
1073;V1073;1890;NA X NA
1074;V1074;2019;V0095 X V0793
1075;V1075;1887;V1245 X NA
1076;V1076;2014;NA X NA
1077;V1077;1918;NA X NA
1078;V1078;2008;V0970 X NA
1079;V1079;2002;V1163 X V0256
1080;V1080;1984;V0823 X V1277
1081;V1081;2005;NA X NA
1082;V1082;2013;NA X V0749
1083;V1083;2016;NA X NA
1084;V1084;2018;NA X V0882
1085;V1085;1989;NA X NA
1086;V1086;2010;NA X NA
1087;V1087;1918;NA X NA
1088;V1088;1990;V0176 X V0005
1089;V1089;2010;NA X NA
1090;V1090;1992;V0848 X NA
1091;V1091;2009;V1027 X V0470
1092;V1092;2009;NA X V1184
1093;V1093;1987;NA X V0336
1094;V1094;1990;V1220 X V1097
1095;V1095;2007;NA X V0024
1096;V1096;1984;V0244 X V0005
1097;V1097;1982;NA X V0959
1098;V1098;2003;V1163 X NA
1099;V1099;1912;V0738 X NA
1100;V1100;2000;V1163 X NA
1101;V1101;2006;V0305 X V0465
1102;V1102;2004;V0901 X V0871
1103;V1103;1965;NA X NA
1104;V1104;1995;V1144 X NA
1105;V1105;1992;NA X V1033
1106;V1106;2004;NA X V1193
1107;V1107;2008;V1193 X NA
1108;V1108;1984;NA X NA
1109;V1109;1996;NA X V0582
1110;V1110;1999;V0481 X NA
1111;V1111;1919;NA X NA
1112;V1112;1997;NA X NA
1113;V1113;1934;NA X NA
1114;V1114;2008;V1037 X NA
1115;V1115;1955;V0032 X V0039
1116;V1116;2017;V1163 X V0684
1117;V1117;1965;NA X NA
1118;V1118;1967;NA X V0827
1119;V1119;1996;NA X V1208
1120;V1120;2017;NA X V0857
1121;V1121;1986;V0256 X NA
1122;V1122;1991;NA X NA
1123;V1123;1943;V0673 X NA
1124;V1124;1981;V0940 X NA
1125;V1125;1971;NA X V0776
1126;V1126;2017;V0084 X V0128
1127;V1127;1915;NA X V0514
1128;V1128;1998;V0422 X V0155
1129;V1129;1964;NA X V0559
1130;V1130;1990;NA X V0422
1131;V1131;2011;NA X NA
1132;V1132;1967;NA X V0994
1133;V1133;1995;NA X V1027
1134;V1134;2013;NA X V0619
1135;V1135;1943;V0552 X V0994
1136;V1136;2010;NA X V0252
1137;V1137;2010;V0841 X V0642
1138;V1138;1942;V0719 X V0514
1139;V1139;1750;NA X NA
1140;V1140;1978;NA X NA
1141;V1141;2013;NA X V0749
1142;V1142;1976;V0959 X NA
1143;V1143;1998;NA X NA
1144;V1144;1983;V0591 X V0005
1145;V1145;2011;NA X NA
1146;V1146;2005;NA X NA
1147;V1147;2000;NA X NA
1148;V1148;1988;NA X NA
1149;V1149;2013;NA X V0662
1150;V1150;2009;NA X V0922
1151;V1151;1976;NA X NA
1152;V1152;1946;NA X NA
1153;V1153;1974;V0959 X V0202
1154;V1154;1991;NA X NA
1155;V1155;2009;NA X NA
1156;V1156;1940;V1262 X NA
1157;V1157;1979;NA X NA
1158;V1158;2005;V0256 X NA
1159;V1159;1995;V0731 X V1027
1160;V1160;2016;NA X V1119
1161;V1161;1966;V0880 X V1138
1162;V1162;1996;NA X NA
1163;V1163;1973;V0202 X NA
1164;V1164;2018;V1179 X NA
1165;V1165;1909;NA X V1177
1166;V1166;2018;NA X NA
1167;V1167;1750;NA X NA
1168;V1168;2016;NA X NA
1169;V1169;2018;V1008 X V1146
1170;V1170;2012;NA X NA
1171;V1171;1944;V1058 X NA
1172;V1172;2002;V0560 X NA
1173;V1173;2006;NA X V1193
1174;V1174;2002;NA X NA
1175;V1175;2006;V0619 X V0825
1176;V1176;1982;V0586 X V0959
1177;V1177;1876;V0495 X NA
1178;V1178;1969;NA X NA
1179;V1179;2007;NA X V0012
1180;V1180;1960;NA X NA
1181;V1181;1989;V1003 X V1151
1182;V1182;1981;V0202 X NA
1183;V1183;1999;V1163 X V0868
1184;V1184;1981;V0276 X NA
1185;V1185;2009;NA X V1184
1186;V1186;2020;NA X NA
1187;V1187;2018;NA X NA
1188;V1188;1990;V1118 X NA
1189;V1189;2006;V0893 X NA
1190;V1190;2011;NA X V0167
1191;V1191;1950;V0991 X V0377
1192;V1192;2008;V0317 X V0882
1193;V1193;1993;V0658 X NA
1194;V1194;1898;NA X NA
1195;V1195;1975;NA X V0935
1196;V1196;1750;NA X NA
1197;V1197;1974;NA X V0202
1198;V1198;1985;V1246 X NA
1199;V1199;1976;NA X NA
1200;V1200;1951;V0875 X NA
1201;V1201;2008;V0893 X NA
1202;V1202;1980;V0484 X NA
1203;V1203;1900;NA X NA
1204;V1204;1927;V0616 X NA
1205;V1205;2000;NA X V1274
1206;V1206;1995;V0184 X V0036
1207;V1207;1975;V0809 X NA
1208;V1208;1961;NA X NA
1209;V1209;1948;V0040 X V0883
1210;V1210;2010;V0305 X V0012
1211;V1211;1979;NA X V0809
1212;V1212;1996;V0256 X V1043
1213;V1213;1994;V0710 X V1060
1214;V1214;2006;V1193 X NA
1215;V1215;1966;NA X NA
1216;V1216;2013;NA X V0871
1217;V1217;1973;NA X V0797
1218;V1218;2010;NA X NA
1219;V1219;2010;V0799 X V1148
1220;V1220;1974;V1222 X NA
1221;V1221;1956;V1138 X V0091
1222;V1222;1955;V0611 X V0753
1223;V1223;1999;NA X NA
1224;V1224;2013;NA X V0382
1225;V1225;1969;NA X NA
1226;V1226;2008;NA X V1274
1227;V1227;2013;NA X V0871
1228;V1228;1936;V1058 X V0147
1229;V1229;2002;NA X NA
1230;V1230;1999;NA X NA
1231;V1231;2019;V0126 X V1190
1232;V1232;2009;NA X NA
1233;V1233;1999;NA X NA
1234;V1234;1969;V0809 X NA
1235;V1235;1982;NA X V1171
1236;V1236;2003;NA X NA
1237;V1237;2014;NA X V0545
1238;V1238;1999;NA X V1085
1239;V1239;1998;V0408 X V0209
1240;V1240;1928;NA X V0600
1241;V1241;2018;NA X V0992
1242;V1242;1988;NA X V0005
1243;V1243;1988;V0256 X NA
1244;V1244;1975;NA X NA
1245;V1245;1867;V0946 X NA
1246;V1246;1969;V0047 X NA
1247;V1247;1990;NA X V0422
1248;V1248;1897;NA X NA
1249;V1249;2006;V0286 X NA
1250;V1250;1981;V0875 X V0497
1251;V1251;2008;V0571 X NA
1252;V1252;2021;NA X V0900
1253;V1253;1930;V0058 X NA
1254;V1254;1875;V1245 X V1245
1255;V1255;1995;NA X V0708
1256;V1256;2004;NA X NA
1257;V1257;2011;NA X NA
1258;V1258;1977;NA X NA
1259;V1259;1881;NA X NA
1260;V1260;2001;V0184 X NA
1261;V1261;1853;NA X NA
1262;V1262;1911;V0624 X NA
1263;V1263;2010;V1104 X V0240
1264;V1264;1930;V1073 X NA
1265;V1265;1998;V1108 X V0394
1266;V1266;2023;V0950 X V1190
1267;V1267;1978;NA X V1221
1268;V1268;2016;V0816 X V0252
1269;V1269;1998;NA X NA
1270;V1270;1962;NA X NA
1271;V1271;2020;V0801 X NA
1272;V1272;1977;V1152 X V0781
1273;V1273;1942;NA X NA
1274;V1274;1973;NA X V1024
1275;V1275;1989;V0240 X NA
1276;V1276;1935;NA X NA
1277;V1277;1964;V0617 X V0753
1278;V1278;2009;V1163 X V0053
1279;V1279;1998;NA X NA
1280;V1280;2020;V1237 X NA
1281;V1281;2012;NA X NA
1282;V1282;2004;NA X NA
1283;V1283;1848;NA X NA
1284;V1284;1978;NA X NA
1285;V1285;2001;NA X NA
1286;V1286;1995;V1067 X NA
